asset_id,asset_code,asset_name,asset_group,asset_group_label,asset_type,brand,model,serial_number,purchase_year,purchase_date,quantity,unit_price,total_price,assigned_to,department,location,software_license,status,quality_level,warranty_until,last_maintenance_date,next_check_date,note,source_row,created_at,updated_at
asset_lap_001,TDW-LAP-2022-001,DELL XPS 13 - 9310 Màn hình DELL 21.5 inch mới Thay ổ cứng SSD 1T năm 2025,MAY_TINH_LAPTOP,Máy tính - Laptop,Laptop,Dell,,,2022,,1,,,Tổng Giám Đốc,,,"OFFICE 2016, WINDOW 11",CON_SU_DUNG,Còn sử dụng,,,,CÒN SỬ DỤNG | Mr Thắng,6,2026-07-03 08:47:26,2026-07-03 08:47:26
asset_lap_002,TDW-LAP-2023-002,Laptop Asus Vivobook 14X OLED S3405VA i9 13900H/16GB/512GB/Win11,MAY_TINH_LAPTOP,Máy tính - Laptop,Laptop,Asus,,,2023,,1,,,Kế Toán Trưởng,,,"OFFICE 2016, WINDOW 11",CON_SU_DUNG,Còn sử dụng,,,,CÒN SỬ DỤNG | Mr Út,7,2026-07-03 08:47:26,2026-07-03 08:47:26
asset_lap_003,TDW-LAP-2025-003,Lenovo ThinkBook 16 G6 IRL (21KH00Q0VN),MAY_TINH_LAPTOP,Máy tính - Laptop,Laptop,Lenovo,,,2025,,1,,21090000,GĐ HCNS,,,"OFFICE 2016, WINDOW 11",MOI_100,Mới 100%,,,,Mới 100% | Ms Hiền,8,2026-07-03 08:47:26,2026-07-03 08:47:26
asset_lap_004,TDW-LAP-2020-004,Asus ZenBook Duo UX481FL-BM048T i5 10210U/8GB/512GB SSD/MX250 2GB/WIN10,MAY_TINH_LAPTOP,Máy tính - Laptop,Laptop,Asus,,,2020,,1,,30990000,GĐ KHKT,,,"OFFICE 2016, WINDOW 11",CON_SU_DUNG,Còn sử dụng,,,,CÒN SỬ DỤNG | Mr Tín,9,2026-07-03 08:47:26,2026-07-03 08:47:26
asset_lap_005,TDW-LAP-2015-005,Asus GL552JX-XO093D,MAY_TINH_LAPTOP,Máy tính - Laptop,Laptop,Asus,,,2015,,1,,17590000,Nhân viên IT,,,WINDOW 11,CON_SU_DUNG,Còn sử dụng,,,,CÒN SỬ DỤNG | Mr Cường,10,2026-07-03 08:47:26,2026-07-03 08:47:26
asset_lap_006,TDW-LAP-2019-006,Asus VivoBook X507UF Đã thay màn hình lần 1 6/2022 Đã thay màn hình lần 2 11/2024,MAY_TINH_LAPTOP,Máy tính - Laptop,Laptop,Asus,,,2019,,1,,11990000,Nhân viên HCNS,,,"OFFICE 2016, WINDOW 11",CON_SU_DUNG,Còn sử dụng,,,,CÒN SỬ DỤNG | Ms Phương,11,2026-07-03 08:47:26,2026-07-03 08:47:26
asset_lap_007,TDW-LAP-2022-007,Laptop Lenovo ThinkBook 14 G2 ITL i7 1165G7/8GB/512GB/14”FHD/Win 11,MAY_TINH_LAPTOP,Máy tính - Laptop,Laptop,Lenovo,,,2022,,1,,,Trưởng Ban Bảo trì cơ,,,"OFFICE 2016, WINDOW 11",CON_SU_DUNG,Còn sử dụng,,,,CÒN SỬ DỤNG | Mr Chơn,12,2026-07-03 08:47:26,2026-07-03 08:47:26
asset_lap_008,TDW-LAP-2015-008,"Dell V5480/i5/14""/VGA 2GB/Win8 + pin thay mới 2023",MAY_TINH_LAPTOP,Máy tính - Laptop,Laptop,Dell,,,2015,,1,,16190000,Trưởng Ban Bảo trì điện,,,"WINDOW 10, OFFICE 2016",KEM_PHAM_CHAT,"Kém phẩm chất, Còn sử dụng",,,,CÒN SỬ DỤNG KÉM PHẨM CHẤT | Mr Tân,13,2026-07-03 08:47:26,2026-07-03 08:47:26
asset_lap_009,TDW-LAP-2024-009,HP Victus 15 fa0115TX (7C0X1PA),MAY_TINH_LAPTOP,Máy tính - Laptop,Laptop,HP,,,2024,,1,,14500000,Nhân viên KHKT,,,"OFFICE 2016, WINDOW 11",CON_SU_DUNG,Còn sử dụng,,,,CÒN SỬ DỤNG | Mr Văn,14,2026-07-03 08:47:26,2026-07-03 08:47:26
asset_lap_010,TDW-LAP-2019-010,Laptop lenovo ideapad S145 i5,MAY_TINH_LAPTOP,Máy tính - Laptop,Laptop,Lenovo,,,2019,,1,,14500000,Nhân viên KHKT,,,"OFFICE 2019, WINDOW 11",MOI_100,Mới 100%,,,,Mới 100% | Mr Toàn,15,2026-07-03 08:47:26,2026-07-03 08:47:26
asset_lap_011,TDW-LAP-2019-011,Laptop lenovo ideapad S145 i5,MAY_TINH_LAPTOP,Máy tính - Laptop,Laptop,Lenovo,,,2019,,1,,14500000,Nhân viên Vận hành Thủ Đức,,,WINDOW 11,CON_SU_DUNG,Còn sử dụng,,,,CÒN SỬ DỤNG | Phòng Vận hành Thủ Đức,16,2026-07-03 08:47:26,2026-07-03 08:47:26
asset_lap_012,TDW-LAP-2022-012,Laptop Asus VivoBook A515EA-BN1688W i3 1115G4/8GB/256GB SSD/Win11,MAY_TINH_LAPTOP,Máy tính - Laptop,Laptop,Asus,,,2022,,1,,13990000,Nhân viên Vận hành Hóa An,,,WINDOW 11,CON_SU_DUNG,Còn sử dụng,,,,CÒN SỬ DỤNG | Phòng Vận hành Hóa An,17,2026-07-03 08:47:26,2026-07-03 08:47:26
asset_lap_013,TDW-LAP-2020-013,Laptop HP Probook 14,MAY_TINH_LAPTOP,Máy tính - Laptop,Laptop,HP,,,2020,,1,,,Nhân viên KHKT,,,"OFFICE 2016, WINDOW 11",CON_SU_DUNG,Còn sử dụng,,,,CÒN SỬ DỤNG | Mr Phước,18,2026-07-03 08:47:26,2026-07-03 08:47:26
asset_lap_014,TDW-LAP-2018-014,Laptop HP Envy 13 ad158TU i5 8250U/4GB/128GB/Win10/(3MR80PA) Thay pin 11/2024,MAY_TINH_LAPTOP,Máy tính - Laptop,Laptop,HP,,,2018,,1,,19990000,Nhân viên lễ tân,,,"OFFICE 2016, WINDOW 10",KEM_PHAM_CHAT,"Kém phẩm chất, Còn sử dụng",,,,CÒN SỬ DỤNG KÉM PHẨM CHẤT | Nhân viên Lễ tân Ms Hạnh,19,2026-07-03 08:47:26,2026-07-03 08:47:26
asset_lap_015,TDW-LAP-2020-015,HP Pavilion 15-cs3063TX i7-1065G7/8GB/512GB/2GB MX250/WIN10 ĐÃ THAY PIN NĂM 4/2024,MAY_TINH_LAPTOP,Máy tính - Laptop,Laptop,HP,,,2020,,1,,7850000,Nhân viên HCNS,,,"OFFICE 2016, WINDOW 10",KEM_PHAM_CHAT,Kém phẩm chất,,,,KÉM PHẨM CHẤT | Nhân viên HCNS Ms Chi,20,2026-07-03 08:47:26,2026-07-03 08:47:26
asset_lap_016,TDW-LAP-2020-016,HP 348 G7 i510210U/8GB 512GBSSD/WIN10,MAY_TINH_LAPTOP,Máy tính - Laptop,Laptop,HP,,,2020,,1,,14990000,Trưởng Ban Hóa nghiệm,,,"OFFICE 2016, WINDOW 11",CON_SU_DUNG,Còn sử dụng,,,,CÒN SỬ DỤNG | Ms Hồng,21,2026-07-03 08:47:26,2026-07-03 08:47:26
asset_lap_017,TDW-LAP-2022-017,PC HP S01-pF1145d 181A5AA + màn hình 19 inch,MAY_TINH_LAPTOP,Máy tính - Laptop,Desktop PC,HP,,,2022,,1,,15690000,Kế Toán Trưởng,,,"WINDOW 11, LEMON",CON_SU_DUNG,Còn sử dụng,,,,CÒN SỬ DỤNG | Máy chủ kế toán,22,2026-07-03 08:47:26,2026-07-03 08:47:26
asset_lap_018,TDW-LAP-2021-018,Laptop HP 15s-fq2558TU i7 1165G7/8GB/512GB/15.6''HD/Win 10 ĐÃ THAY MÀN HÌNH 08/2025 CAMERA 8/2025,MAY_TINH_LAPTOP,Máy tính - Laptop,Laptop,HP,,,2021,,1,,,Kế toán tổng hợp,,,WINDOW 11,CON_SU_DUNG,Còn sử dụng,,,,CÒN SỬ DỤNG | Ms Thúy,23,2026-07-03 08:47:26,2026-07-03 08:47:26
asset_lap_019,TDW-LAP-2018-019,Máy tính để bàn Phong vũ +Màn hình DELL 21.5 inch mới,MAY_TINH_LAPTOP,Máy tính - Laptop,Desktop PC,Dell,,,2018,,1,,,Nhân viên kế toán,,,"OFFICE 2016, WINDOW 10",CON_SU_DUNG,Còn sử dụng,,,,CÒN SỬ DỤNG | Ms Hân,24,2026-07-03 08:47:26,2026-07-03 08:47:26
asset_lap_020,TDW-LAP-2019-020,Máy tính để bàn HP - KTTH +Màn hình DELL 21.5 inch mới,MAY_TINH_LAPTOP,Máy tính - Laptop,Desktop PC,Dell,,,2019,,1,,18799000,Nhân viên kế toán,,,"OFFICE 2016, WINDOW 10",CON_SU_DUNG,Còn sử dụng,,,,CÒN SỬ DỤNG | Ms Thúy,25,2026-07-03 08:47:26,2026-07-03 08:47:26
asset_lap_021,TDW-LAP-2020-021,Laptop Lenovo ThinkPad E14 i5 10210U/8GB/512GB SSD/WIN10,MAY_TINH_LAPTOP,Máy tính - Laptop,Laptop,Lenovo,,,2020,,1,,17490000,TB Vận Hành,,,"OFFICE 2016, WINDOW 11",CON_SU_DUNG,Còn sử dụng,,,,CÒN SỬ DỤNG | Ms Thái,26,2026-07-03 08:47:26,2026-07-03 08:47:26
asset_lap_022,TDW-LAP-2010-022,Máy để bàn PC Phong Vũ + Màn hình,MAY_TINH_LAPTOP,Máy tính - Laptop,Desktop PC,,,,2010,,1,,,NV Bảo trì,,,WINDOW 10,CON_SU_DUNG,Còn sử dụng,,,,CÒN SỬ DỤNG | Phòng Bảo trì,27,2026-07-03 08:47:26,2026-07-03 08:47:26
asset_lap_023,TDW-LAP-2020-023,Máy để bàn PC HP ProDesk 400 G6 +Màn hình DELL 21.5 mua mới ngày 04.09.2025,MAY_TINH_LAPTOP,Máy tính - Laptop,Desktop PC,Dell,,,2020,,1,,10090000,NV Hóa Nghiệm,,,WINDOW 11,CON_SU_DUNG,Còn sử dụng,,,,CÒN SỬ DỤNG | Phòng Hóa nghiệm,28,2026-07-03 08:47:26,2026-07-03 08:47:26
asset_lap_024,TDW-LAP-2019-024,HP Pavilion 15-cs3063TX i7-1065G7/8GB/512GB/2GB MX250/WIN10 đã thay pin (máy cũ Mr Út) Sữa mainboard ngày 03/12/2025,MAY_TINH_LAPTOP,Máy tính - Laptop,Laptop,HP,,,2019,,1,,,Thủ Kho,,,WINDOW 11,KEM_PHAM_CHAT,"Kém phẩm chất, Còn sử dụng",,,,KÉM PHẨM CHẤT CÒN SỬ DỤNG | Mr Danh,29,2026-07-03 08:47:26,2026-07-03 08:47:26
asset_lap_025,TDW-LAP-2019-025,Laptop lenovo ideapad S145 i5 Đã thay thế ổ cứng,MAY_TINH_LAPTOP,Máy tính - Laptop,Laptop,Lenovo,,,2019,,1,,,Tuyến ống,,,WINDOW 11,KEM_PHAM_CHAT,"Kém phẩm chất, Còn sử dụng",,,,KÉM PHẨM CHẤT CÒN SỬ DỤNG | TUYẾN ỐNG,30,2026-07-03 08:47:26,2026-07-03 08:47:26
asset_lap_026,TDW-LAP-2019-026,"Laptop HP ENVY 13-ah1011TU (5HZ28PA) (13.3"" FHD/i5-8265U/8GB/256GB SSD/UHD 620/Win10/1.3 kg)",MAY_TINH_LAPTOP,Máy tính - Laptop,Laptop,HP,,,2019,,1,,22490000,GĐ ĐTPT,,,"OFFICE 2016, WINDOW 10",CON_SU_DUNG,Còn sử dụng,,,,CÒN SỬ DỤNG Pin chai phải sử dụng nguồn | Mr Dũng,31,2026-07-03 08:47:26,2026-07-03 08:47:26
asset_sca_001,TDW-SCA-2016-001,"SERVER SCADA Server Dell PowerEdge T20 Màn hình Dell LED 24"" P2416D Widescreen Thay ổ SSD 256G năm 2018",SCADA_LOGGER_DATA,SCADA - Logger - Data TDW,Server/SCADA,Dell,,,2016,,1,,,Nhân viên IT,,,WINDOW SERVER 2012,CON_SU_DUNG,Còn sử dụng,,,,CÒN SỬ DỤNG ổ cứng tuổi thọ còn 86%,33,2026-07-03 08:47:26,2026-07-03 08:47:26
asset_sca_002,TDW-SCA-2016-002,"OP1 Dell Precision Tower 3620 Màn hình Dell LED 24"" P2416D Widescreen Thay nguồn năm 2024 Thay pin Cmos tháng 02/2026 Thay ổ cứng SSD 512G tháng 02/2026 Bảo hành 3 năm",SCADA_LOGGER_DATA,SCADA - Logger - Data TDW,Server/SCADA,Dell,,,2016,,1,,,SX-VH Thủ Đức,,,"WINDOW 10, OFFICE 2016",CON_SU_DUNG,Còn sử dụng,,,,CÒN SỬ DỤNG | Ổ cứng còn 74% hư hỏng đã thay thế và cài đặt lại phần mềm SCADA,34,2026-07-03 08:47:26,2026-07-03 08:47:26
asset_sca_003,TDW-SCA-2016-003,"OP2 Dell Precision Tower 3620 Màn hình Dell LED 24"" P2416D Widescreen Thay ổ SSD 256G năm 2018 Thay pin cmos 03/2026",SCADA_LOGGER_DATA,SCADA - Logger - Data TDW,Server/SCADA,Dell,,,2016,,1,,,SX-VH Thủ Đức,,,"WINDOW 10, OFFICE 2016",CON_SU_DUNG,Còn sử dụng,,,,CÒN SỬ DỤNG ổ cứng tuổi thọ còn 86%,35,2026-07-03 08:47:26,2026-07-03 08:47:26
asset_sca_004,TDW-SCA-2016-004,"OP Hoá An Dell Precision T1700 Màn hình Dell LED 24"" P2416D Widescreen Thay ổ SSD 256G năm 2018 Thay ổ cứng SSD 512G tháng 03/2026 Bảo hành 3 năm",SCADA_LOGGER_DATA,SCADA - Logger - Data TDW,Server/SCADA,Dell,,,2016,,1,,,SX-VH Hoá An,,,"WINDOW 10, OFFICE 2016",CON_SU_DUNG,Còn sử dụng,,,,CÒN SỬ DỤNG | Ổ cứng còn 45% đã thay thế và cài đặt lại phần mềm SCADA,36,2026-07-03 08:47:26,2026-07-03 08:47:26
asset_sca_005,TDW-SCA-2020-005,SERVER WEB LOGGER Thay ổ SSD Samsung 500G ngày 14/04/2026 Bảo hành 5 năm,SCADA_LOGGER_DATA,SCADA - Logger - Data TDW,Server/SCADA,Samsung,,,2020,,1,,,Nhân viên IT,,,WINDOW SERVER 2019,CON_SU_DUNG,Còn sử dụng,,,,CÒN SỬ DỤNG | Ổ cứng bị bad 94% đã thay thế ổ cứng và cài đặt lại phần mềm Viwater 14/04/2026,37,2026-07-03 08:47:26,2026-07-03 08:47:26
asset_sca_006,TDW-SCA-2021-006,MÁY ẢO IFIX,SCADA_LOGGER_DATA,SCADA - Logger - Data TDW,Server/SCADA,,,,2021,,1,,,SX-VH Thủ Đức,,,LINUX ẢO HOÁ,CON_SU_DUNG,Còn sử dụng,,,,CÒN SỬ DỤNG,38,2026-07-03 08:47:26,2026-07-03 08:47:26
asset_sca_007,TDW-SCA-2012-007,MÁY SERVER TDW Dell Power Edge T110 II Thay ổ cứng lần 01 năm 2020,SCADA_LOGGER_DATA,SCADA - Logger - Data TDW,Server/SCADA,Dell,,,2012,,1,,,IT,,,WINDOW SERVER 2008,CON_SU_DUNG,Còn sử dụng,,,,CÒN SỬ DỤNG,39,2026-07-03 08:47:26,2026-07-03 08:47:26
asset_dev_001,TDW-DEV-2017-001,Ổ cứng di động WD 1T,O_CUNG_THIET_BI_DIEN_TU,Ổ cứng - Thiết bị điện tử,Ổ cứng,WD,,,2017,,1,,,Phòng Sản xuất,Phòng Sản xuất,,,CON_SU_DUNG,Còn sử dụng,,,,CÒN SỬ DỤNG | Mr Chơn,41,2026-07-03 08:47:26,2026-07-03 08:47:26
asset_dev_002,TDW-DEV-2020-002,Ổ cứng di động WD 2T,O_CUNG_THIET_BI_DIEN_TU,Ổ cứng - Thiết bị điện tử,Ổ cứng,WD,,,2020,,1,,,Phòng Kế toán,Phòng Kế toán,,,CON_SU_DUNG,Còn sử dụng,,,,CÒN SỬ DỤNG | Ms Thúy,42,2026-07-03 08:47:26,2026-07-03 08:47:26
asset_dev_003,TDW-DEV-2024-003,Ổ cứng di động WD 2T,O_CUNG_THIET_BI_DIEN_TU,Ổ cứng - Thiết bị điện tử,Ổ cứng,WD,,,2024,,1,,,Phòng HCNS,Phòng HCNS,,,CON_SU_DUNG,Còn sử dụng,,,,CÒN SỬ DỤNG | Mr Cường BACKUP SERVER,43,2026-07-03 08:47:26,2026-07-03 08:47:26
asset_dev_004,TDW-DEV-2019-004,Ổ cứng di động WD 1T,O_CUNG_THIET_BI_DIEN_TU,Ổ cứng - Thiết bị điện tử,Ổ cứng,WD,,,2019,,1,,,Phòng HCNS,Phòng HCNS,,,CON_SU_DUNG,Còn sử dụng,,,,CÒN SỬ DỤNG | Ms Hiền,44,2026-07-03 08:47:26,2026-07-03 08:47:26
asset_dev_005,TDW-DEV-2023-005,Ổ cứng di động WD 1T,O_CUNG_THIET_BI_DIEN_TU,Ổ cứng - Thiết bị điện tử,Ổ cứng,WD,,,2023,,1,,,Phòng ĐTPT,Phòng ĐTPT,,,CON_SU_DUNG,Còn sử dụng,,,,CÒN SỬ DỤNG | Mr Dũng,45,2026-07-03 08:47:26,2026-07-03 08:47:26
asset_dev_006,TDW-DEV-2023-006,Máy chụp ảnh Sony Sony ZV-E10,O_CUNG_THIET_BI_DIEN_TU,Ổ cứng - Thiết bị điện tử,Thiết bị,Sony,,,2023,,1,,,Phòng HCNS,Phòng HCNS,,,CON_SU_DUNG,Còn sử dụng,,,,CÒN SỬ DỤNG | Mr Cường,46,2026-07-03 08:47:26,2026-07-03 08:47:26
asset_dev_007,TDW-DEV-2023-007,Máy Chiếu Epson EB-FH52 + màn chiếu,O_CUNG_THIET_BI_DIEN_TU,Ổ cứng - Thiết bị điện tử,Máy chiếu,Epson,,,2023,,1,,,P Họp B,P Họp B,,,CON_SU_DUNG,Còn sử dụng,,,,CÒN SỬ DỤNG,47,2026-07-03 08:47:26,2026-07-03 08:47:26
asset_dev_008,TDW-DEV-2014-008,Máy chụp ảnh Nikkon D7000,O_CUNG_THIET_BI_DIEN_TU,Ổ cứng - Thiết bị điện tử,Thiết bị,,,,2014,,1,,,P TGĐ,P TGĐ,,,KEM_PHAM_CHAT,"Kém phẩm chất, Còn sử dụng",,,,CÒN SỬ DỤNG KÉM PHẨM CHẤT | P TGĐ,48,2026-07-03 08:47:26,2026-07-03 08:47:26
asset_dev_009,TDW-DEV-2023-009,"Hệ thống họp Online bao gồm loa Poycom Studio P15x1, Poly Sync4 x2",O_CUNG_THIET_BI_DIEN_TU,Ổ cứng - Thiết bị điện tử,Thiết bị,Poly,,,2023,,1,,,P Họp B,P Họp B,,,CON_SU_DUNG,Còn sử dụng,,,,CÒN SỬ DỤNG | P HCNS,49,2026-07-03 08:47:26,2026-07-03 08:47:26
asset_dev_010,TDW-DEV-2006-010,UPS SCADA VẬN HÀNH - đã thay ác quy x8 cái ngày 23/11/2023 UPS SCADA VẬN HÀNH - đã thay ác quy x8 cái ngày 19/03/2026,O_CUNG_THIET_BI_DIEN_TU,Ổ cứng - Thiết bị điện tử,Thiết bị,,,,2006,,4,,,Phòng Sản xuất,Phòng Sản xuất,,,CON_SU_DUNG,Còn sử dụng,,,,CÒN SỬ DỤNG | Vận hành,50,2026-07-03 08:47:26,2026-07-03 08:47:26
asset_prn_001,TDW-PRN-2020-001,MÁY IN CANON LBP 226dw,MAY_IN_PHOTOCOPY_MAY_CHIEU_TV_DIEN_THOAI,Máy in - Photocopy - Máy chiếu - TV - Điện thoại,Máy in,Canon,,,2020,,1,,,TGĐ,,,,CON_SU_DUNG,Còn sử dụng,,,,CÒN SỬ DỤNG | Mr Thắng,52,2026-07-03 08:47:26,2026-07-03 08:47:26
asset_prn_002,TDW-PRN-2018-002,MÁY IN MÀU HP Color LaserJet Pro M255dw,MAY_IN_PHOTOCOPY_MAY_CHIEU_TV_DIEN_THOAI,Máy in - Photocopy - Máy chiếu - TV - Điện thoại,Máy in,HP,,,2018,,1,,,Phòng HCNS,Phòng HCNS,,,CON_SU_DUNG,Còn sử dụng,,,,CÒN SỬ DỤNG,53,2026-07-03 08:47:26,2026-07-03 08:47:26
asset_prn_003,TDW-PRN-2014-003,Máy In Canon LBP 8780x,MAY_IN_PHOTOCOPY_MAY_CHIEU_TV_DIEN_THOAI,Máy in - Photocopy - Máy chiếu - TV - Điện thoại,Máy in,Canon,,,2014,,1,,,Phòng KHKT,Phòng KHKT,,,CON_SU_DUNG,Còn sử dụng,,,,CÒN SỬ DỤNG,54,2026-07-03 08:47:26,2026-07-03 08:47:26
asset_prn_004,TDW-PRN-2015-004,Máy in Canon 6030w,MAY_IN_PHOTOCOPY_MAY_CHIEU_TV_DIEN_THOAI,Máy in - Photocopy - Máy chiếu - TV - Điện thoại,Máy in,Canon,,,2015,,1,,,Phòng SX,Phòng SX,,,CON_SU_DUNG,Còn sử dụng,,,,CÒN SỬ DỤNG | NV SX,55,2026-07-03 08:47:26,2026-07-03 08:47:26
asset_prn_005,TDW-PRN-2017-005,Máy in Canon 6030w,MAY_IN_PHOTOCOPY_MAY_CHIEU_TV_DIEN_THOAI,Máy in - Photocopy - Máy chiếu - TV - Điện thoại,Máy in,Canon,,,2017,,1,,,Phòng SX-HN,Phòng SX-HN,,,CON_SU_DUNG,Còn sử dụng,,,,CÒN SỬ DỤNG | NV HOÁ NGHIỆM,56,2026-07-03 08:47:26,2026-07-03 08:47:26
asset_prn_006,TDW-PRN-2023-006,Máy in Canon 6030w,MAY_IN_PHOTOCOPY_MAY_CHIEU_TV_DIEN_THOAI,Máy in - Photocopy - Máy chiếu - TV - Điện thoại,Máy in,Canon,,,2023,,1,,,Phòng SX-VH HOÁ AN,Phòng SX-VH HOÁ AN,,,CON_SU_DUNG,Còn sử dụng,,,,CÒN SỬ DỤNG | NV VH HOÁ AN,57,2026-07-03 08:47:26,2026-07-03 08:47:26
asset_prn_007,TDW-PRN-2026-007,Máy In HP Laserjet Pro 4003DW,MAY_IN_PHOTOCOPY_MAY_CHIEU_TV_DIEN_THOAI,Máy in - Photocopy - Máy chiếu - TV - Điện thoại,Máy in,HP,,,2026,,1,,,Phòng Kế toán,Phòng Kế toán,,,MOI_100,Mới 100%,,,,Mới 100%,58,2026-07-03 08:47:26,2026-07-03 08:47:26
asset_prn_008,TDW-PRN-2023-008,Máy in tem nhãn Godex G500,MAY_IN_PHOTOCOPY_MAY_CHIEU_TV_DIEN_THOAI,Máy in - Photocopy - Máy chiếu - TV - Điện thoại,Máy in,Godex,,,2023,,1,,,Phòng HCNS,Phòng HCNS,,,CON_SU_DUNG,Còn sử dụng,,,,CÒN SỬ DỤNG,59,2026-07-03 08:47:26,2026-07-03 08:47:26
asset_prn_009,TDW-PRN-2020-009,Máy in Photocopy IR2625,MAY_IN_PHOTOCOPY_MAY_CHIEU_TV_DIEN_THOAI,Máy in - Photocopy - Máy chiếu - TV - Điện thoại,Máy in,,,,2020,,1,,,Phòng HCNS,Phòng HCNS,,,CON_SU_DUNG,Còn sử dụng,,,,CÒN SỬ DỤNG | P HCNS,60,2026-07-03 08:47:26,2026-07-03 08:47:26
asset_prn_010,TDW-PRN-2019-010,Máy in Photocopy IR2520,MAY_IN_PHOTOCOPY_MAY_CHIEU_TV_DIEN_THOAI,Máy in - Photocopy - Máy chiếu - TV - Điện thoại,Máy in,,,,2019,,1,,,Phòng Kế toán,Phòng Kế toán,,,CON_SU_DUNG,Còn sử dụng,,,,CÒN SỬ DỤNG | P.TCKT,61,2026-07-03 08:47:26,2026-07-03 08:47:26
asset_prn_011,TDW-PRN-2021-011,Máy In HP 107w,MAY_IN_PHOTOCOPY_MAY_CHIEU_TV_DIEN_THOAI,Máy in - Photocopy - Máy chiếu - TV - Điện thoại,Máy in,HP,,,2021,,1,,,Phòng ĐTPT,Phòng ĐTPT,,,CON_SU_DUNG,Còn sử dụng,,,,CÒN SỬ DỤNG,62,2026-07-03 08:47:26,2026-07-03 08:47:26
asset_prn_012,TDW-PRN-2022-012,TV Sony 65inch KD65X7000G,MAY_IN_PHOTOCOPY_MAY_CHIEU_TV_DIEN_THOAI,Máy in - Photocopy - Máy chiếu - TV - Điện thoại,TV,Sony,,,2022,,1,,,Phòng HỌP HCNS,Phòng HỌP HCNS,,,CON_SU_DUNG,Còn sử dụng,,,,CÒN SỬ DỤNG,63,2026-07-03 08:47:26,2026-07-03 08:47:26
asset_prn_013,TDW-PRN-2022-013,TV Sony 55inch KX55X7000E,MAY_IN_PHOTOCOPY_MAY_CHIEU_TV_DIEN_THOAI,Máy in - Photocopy - Máy chiếu - TV - Điện thoại,TV,Sony,,,2022,,1,,,PHÒNG TRUYỀN THỐNG,PHÒNG TRUYỀN THỐNG,,,CON_SU_DUNG,Còn sử dụng,,,,CÒN SỬ DỤNG,64,2026-07-03 08:47:26,2026-07-03 08:47:26
asset_prn_014,TDW-PRN-2009-014,TV Sony 40S550A,MAY_IN_PHOTOCOPY_MAY_CHIEU_TV_DIEN_THOAI,Máy in - Photocopy - Máy chiếu - TV - Điện thoại,TV,Sony,,,2009,,1,,,PHÒNG VẬN HÀNH,PHÒNG VẬN HÀNH,,,CON_SU_DUNG,Còn sử dụng,,,,CÒN SỬ DỤNG | CHUYỂN TỪ KHO HỘI TRƯỜNG,65,2026-07-03 08:47:26,2026-07-03 08:47:26
asset_prn_015,TDW-PRN-2020-015,TV Samsung 49inch,MAY_IN_PHOTOCOPY_MAY_CHIEU_TV_DIEN_THOAI,Máy in - Photocopy - Máy chiếu - TV - Điện thoại,TV,Samsung,,,2020,,1,,,PHÒNG HỘI TRƯỜNG,PHÒNG HỘI TRƯỜNG,,,CON_SU_DUNG,Còn sử dụng,,,,CÒN SỬ DỤNG,66,2026-07-03 08:47:26,2026-07-03 08:47:26
asset_prn_016,TDW-PRN-2023-016,Máy Chiếu Epson EB-FH52 + màn chiếu,MAY_IN_PHOTOCOPY_MAY_CHIEU_TV_DIEN_THOAI,Máy in - Photocopy - Máy chiếu - TV - Điện thoại,Máy chiếu,Epson,,,2023,,1,,,PHÒNG HỢP LỚN,PHÒNG HỢP LỚN,,,CON_SU_DUNG,Còn sử dụng,,,,CÒN SỬ DỤNG,67,2026-07-03 08:47:26,2026-07-03 08:47:26
asset_prn_017,TDW-PRN-2022-017,Máy Chiếu Epson EB2265U + màn chiếu,MAY_IN_PHOTOCOPY_MAY_CHIEU_TV_DIEN_THOAI,Máy in - Photocopy - Máy chiếu - TV - Điện thoại,Máy chiếu,Epson,,,2022,,1,,,PHÒNG HỘI TRƯỜNG,PHÒNG HỘI TRƯỜNG,,,CON_SU_DUNG,Còn sử dụng,,,,CÒN SỬ DỤNG,68,2026-07-03 08:47:26,2026-07-03 08:47:26
asset_prn_018,TDW-PRN-2024-018,Điện thoại Nokia 220 4G Thủ Đức,MAY_IN_PHOTOCOPY_MAY_CHIEU_TV_DIEN_THOAI,Máy in - Photocopy - Máy chiếu - TV - Điện thoại,Điện thoại,Nokia,,,2024,,1,,,PHÒNG VẬN HÀNH THỦ ĐỨC,PHÒNG VẬN HÀNH THỦ ĐỨC,,,CON_SU_DUNG,Còn sử dụng,,,,CÒN SỬ DỤNG,69,2026-07-03 08:47:26,2026-07-03 08:47:26
asset_prn_019,TDW-PRN-2024-019,Điện thoại Nokia 220 4G Hoá An,MAY_IN_PHOTOCOPY_MAY_CHIEU_TV_DIEN_THOAI,Máy in - Photocopy - Máy chiếu - TV - Điện thoại,Điện thoại,Nokia,,,2024,,1,,,PHÒNG VẬN HÀNH HOÁ AN,PHÒNG VẬN HÀNH HOÁ AN,,,CON_SU_DUNG,Còn sử dụng,,,,CÒN SỬ DỤNG,70,2026-07-03 08:47:26,2026-07-03 08:47:26
asset_sto_001,TDW-STO-2019-001,RAM 4G + HDD 250,LUU_KHO_KEM_PHAM_CHAT,Thiết bị lưu kho - Kém phẩm chất,Ổ cứng,,,,2019,,1,,,HCNS,,,,KHONG_SU_DUNG,Mất phẩm chất,,,,MẤT PHẨM CHẤT KHÔNG SỬ DỤNG,72,2026-07-03 08:47:26,2026-07-03 08:47:26
asset_sto_002,TDW-STO-2012-002,Máy PC Kế toán + Màn hình,LUU_KHO_KEM_PHAM_CHAT,Thiết bị lưu kho - Kém phẩm chất,Desktop PC,,,,2012,,1,,,P.TCKT,P.TCKT,,,KHONG_SU_DUNG,Mất phẩm chất,,,,MẤT PHẨM CHẤT KHÔNG SỬ DỤNG,73,2026-07-03 08:47:26,2026-07-03 08:47:26
asset_sto_003,TDW-STO-2015-003,Máy Chiếu Sony VPL127,LUU_KHO_KEM_PHAM_CHAT,Thiết bị lưu kho - Kém phẩm chất,Máy chiếu,Sony,,,2015,,1,,,P HCNS,P HCNS,,,KHONG_SU_DUNG,Kém phẩm chất,,,,KÉM PHẨM CHẤT KHÔNG SỬ DỤNG,74,2026-07-03 08:47:26,2026-07-03 08:47:26
asset_sto_004,TDW-STO-2019-004,Asus S530FA-BQ190T,LUU_KHO_KEM_PHAM_CHAT,Thiết bị lưu kho - Kém phẩm chất,Thiết bị,Asus,,,2019,,1,,,P HCNS,P HCNS,,,KEM_PHAM_CHAT,Kém phẩm chất,,,,KÉM PHẨM CHẤT,75,2026-07-03 08:47:26,2026-07-03 08:47:26
asset_sto_005,TDW-STO-2010-005,Máy Chiếu Sony Cũ,LUU_KHO_KEM_PHAM_CHAT,Thiết bị lưu kho - Kém phẩm chất,Máy chiếu,Sony,,,2010,,1,,,P HCNS,P HCNS,,,KHONG_SU_DUNG,Kém phẩm chất,,,,KÉM PHẨM CHẤT KHÔNG SỬ DỤNG,76,2026-07-03 08:47:26,2026-07-03 08:47:26
asset_sto_006,TDW-STO-2018-006,Máy tính để bàn Phong Vũ F4600-1 +màn hình,LUU_KHO_KEM_PHAM_CHAT,Thiết bị lưu kho - Kém phẩm chất,Desktop PC,,,,2018,,1,,,P HCNS,P HCNS,,,KHONG_SU_DUNG,Kém phẩm chất,,,,KÉM PHẨM CHẤT KHÔNG SỬ DỤNG,77,2026-07-03 08:47:26,2026-07-03 08:47:26
asset_sto_007,TDW-STO-2010-007,Máy tính để bàn nhân viên Y tế - Thủ kho +màn hình,LUU_KHO_KEM_PHAM_CHAT,Thiết bị lưu kho - Kém phẩm chất,Desktop PC,,,,2010,,1,,,Nhân viên Y tế - ATLĐ,,,,KEM_PHAM_CHAT,Kém phẩm chất,,,,KÉM PHẨM CHẤT | P HCNS,78,2026-07-03 08:47:26,2026-07-03 08:47:26
asset_sto_008,TDW-STO-2010-008,Màn hình máy tính nhân viên Hoá nghiệm,LUU_KHO_KEM_PHAM_CHAT,Thiết bị lưu kho - Kém phẩm chất,Màn hình,,,,2010,,1,,,P.HCNS,P.HCNS,,,KEM_PHAM_CHAT,Kém phẩm chất,,,,KÉM PHẨM CHẤT,79,2026-07-03 08:47:26,2026-07-03 08:47:26
asset_sto_009,TDW-STO-2018-009,TV Samsung UA40J5250DK phòng vận hành,LUU_KHO_KEM_PHAM_CHAT,Thiết bị lưu kho - Kém phẩm chất,TV,Samsung,,,2018,,1,,,P.HCNS,P.HCNS,,,LUU_KHO_THANH_LY,Kém phẩm chất,,,,KÉM PHẨM CHẤT LƯU KHO THANH LÝ,80,2026-07-03 08:47:26,2026-07-03 08:47:26
asset_sto_010,TDW-STO-2024-010,Máy in Brother MFC L2701DW Thay Drum mực 7/2025,LUU_KHO_KEM_PHAM_CHAT,Thiết bị lưu kho - Kém phẩm chất,Máy in,Brother,,,2024,,1,,,P.HCNS,P.HCNS,,,LUU_KHO_THANH_LY,Kém phẩm chất,,,,KÉM PHẨM CHẤT LƯU KHO THANH LÝ,81,2026-07-03 08:47:26,2026-07-03 08:47:26
